Kanji,Hiragana,English,Origin,Difficulty,Category
誰,だれ,Who,Genki 1.2,1,Noun - People
魚,さかな,Fish,Genki 1.2,1,Noun - Food
肉,にく,Meat,Genki 1.2,2,Noun - Food
野菜,やさい,Vegetable,Genki 1.2,1,Noun - Food
本,ほん,"Book, counter for long objects",Genki 1.2,1,"Noun, Counter"
お願い,おねがい,Please ,Genki 1.3,1,Phrase
映画,えいが,Movie,Genki 1.3,1,Noun - Object
音楽,おんがく,Music,Genki 1.3,1,Noun - Object
雑誌,ざっし,Magazine,Genki 1.3,2,Noun - Object
酒,さけ,Alcohol,Genki 1.3,1,Noun - Food
茶,ちゃ,Tea,Genki 1.3,2,Noun - Food
水,みず,Water,Genki 1.3,1,Noun - Food
朝ご飯,あさごはん,Breakfast,Genki 1.3,1,Noun - Food
昼ご飯,ひるごはん,Lunch,Genki 1.3,1,Noun - Food
晩ご飯,ばんごはん,Dinner,Genki 1.3,1,Noun - Food
家,いえ,House,Genki 1.3,1,Noun - Place
今日,きょう,Today,Genki 1.3,1,Noun - Date
朝,あさ,Morning,Genki 1.3,1,Noun - Concept
今晩,こんばん,Tonight,Genki 1.3,1,Noun - Concept
毎日,まいにち,Everyday,Genki 1.3,1,Frequency
毎朝,まいあさ,Every morning,Genki 1.3,1,Frequency
毎晩,まいばん,Every night,Genki 1.3,1,Frequency
週末,しゅうまつ,Weekend,Genki 1.3,1,Noun - Date
土曜日,どようび,Saturday,Genki 1.3,1,Noun - Date
日曜日,にちようび,Sunday,Genki 1.3,1,Noun - Date
行く,いく,To go,Genki 1.3,1,Verb - Godan
帰る,かえる,To return home,Genki 1.3,2,Verb - Godan
聞く,きく,"To listen, to ask",Genki 1.3,1,Verb - Godan
読む,よむ,To read,Genki 1.3,1,Verb - Godan
飲む,のむ,To drink,Genki 1.3,1,Verb - Godan
話す,はなす,To speak,Genki 1.3,1,Verb - Godan
勉強する,べんきょうする,To study,Genki 1.3,1,Verb - suru
起きる,おきる,To get up,Genki 1.3,2,Verb - Ichidan
食べる,たべる,To eat,Genki 1.3,1,Verb - Ichidan
寝る,ねる,To go to bed,Genki 1.3,1,Verb - Ichidan
見る,みる,To see,Genki 1.3,1,Verb - Ichidan
来る,くる,To come,Genki 1.3,1,Verb - Irregular
早い,はやい,Early,Genki 1.3,2,Adjective - い
全然,ぜんぜん,"Not at all, never",Genki 1.3,1,Adverb
時々,ときどき,Sometimes,Genki 1.3,1,Adverb
買い物,かいもの,Shopping,Genki 1.4,1,Noun - Concept
犬,いぬ,Dog,Genki 1.4,1,Noun - Living
猫,ねこ,Cat,Genki 1.4,2,Noun - Living
人,ひと,Person,Genki 1.4,1,Noun - Living
子供,こども,Child,Genki 1.4,1,Noun - Living
椅子,いす,Chair,Genki 1.4,1,Noun - Object
机,つくえ,Desk,Genki 1.4,1,Noun - Object
写真,しゃしん,Picture,Genki 1.4,1,Noun - Object
花,はな,Flower,Genki 1.4,1,Noun - Object
ご飯,ごはん,"Rice, meal",Genki 1.4,1,Noun - Food
お寺,おてら,Temple,Genki 1.4,1,Noun - Place
公園,こうえん,Park,Genki 1.4,1,Noun - Place
バス停,ばすてい,Bus stop,Genki 1.4,1,Noun - Place
病院,びょういん,Hospital,Genki 1.4,1,Noun - Place
本屋,ほんや,Bookstore,Genki 1.4,1,Noun - Place
町,まち,Town,Genki 1.4,1,Noun - Place
昨日,きのう,Yesterday,Genki 1.4,1,Noun - Date
時間,じかん,"~hours, time",Genki 1.4,1,Unit
先週,せんしゅう,Last week,Genki 1.4,1,Noun - Date
時,とき,What time,Genki 1.4,1,Unit
月曜日,げつようび,Monday,Genki 1.4,1,Noun - Date
火曜日,かようび,Tuesday,Genki 1.4,1,Noun - Date
水曜日,すいようび,Wednesday,Genki 1.4,1,Noun - Date
木曜日,もくようび,Thursday,Genki 1.4,1,Noun - Date
金曜日,きんようび,Friday,Genki 1.4,1,Noun - Date
会う,あう,To meet,Genki 1.4,1,Verb - Godan
買う,かう,To buy,Genki 1.4,1,Verb - Godan
撮る,とる,To take ,Genki 1.4,1,Verb - Godan
待つ,まつ,To wait,Genki 1.4,2,Verb - Godan
一人で,ひとりで,Alone,Genki 1.4,1,Noun - Living
右,みぎ,Right,Genki 1.4,1,Noun - Location
左,ひだり,Left,Genki 1.4,1,Noun - Location
前,まえ,Front,Genki 1.4,1,Noun - Location
後ろ,うしろ,Behind,Genki 1.4,2,Noun - Location
中,なか,Inside,Genki 1.4,1,Noun - Location
外,そと,Outside,Genki 1.4,1,Noun - Location
上,うえ,Above,Genki 1.4,1,Noun - Location
下,した,Below,Genki 1.4,1,Noun - Location
近く,ちかく,Near,Genki 1.4,1,Noun - Location
隣,となり,"Near, next to, next door",Genki 1.4,2,Noun - Location
間,あいだ,Between ,Genki 1.4,1,Noun - Location
食べ物,たべもの,Food,Genki 1.5,1,Noun - Food
飲み物,のみもの,Drink,Genki 1.5,1,Noun - Food
果物,くだもの,Fruit,Genki 1.5,1,Noun - Food
部屋,へや,Room,Genki 1.5,1,Noun - Place
僕,ぼく,I (Male),Genki 1.5,1,Noun - Living
休み,やすみ,Vacation,Genki 1.5,1,Noun - Concept
旅行,りょこう,Travel,Genki 1.5,1,Noun - Concept
海,うみ,Sea,Genki 1.5,1,Noun - Place
土産,みやげ,Souvenir ,Genki 1.5,1,Noun - Object
天気,てんき,Weather,Genki 1.5,1,Noun - Concept
宿題,しゅくだい,Homework,Genki 1.5,1,Noun - Object
誕生日,たんじょうび,Birthday,Genki 1.5,2,Noun - Concept
新しい,あたらしい,New,Genki 1.5,1,Adjective - い
古い,ふるい,Old,Genki 1.5,1,Adjective - い
熱い,あつい,Hot (thing),Genki 1.5,1,Adjective - い
暑い,あつい,Hot (weather),Genki 1.5,1,Adjective - い
寒い,さむい,Cold (weather),Genki 1.5,1,Adjective - い
忙しい,いそがしい,Busy,Genki 1.5,1,Adjective - い
大きい,おおきい,Big ,Genki 1.5,1,Adjective - い
小さい,ちいさい,Small,Genki 1.5,1,Adjective - い
面白い,おもしろい,"Funny, interesting",Genki 1.5,1,Adjective - い
難しい,むずかしい,Difficult,Genki 1.5,1,Adjective - い
怖い,こわい,Scary,Genki 1.5,1,Adjective - い
楽しい,たのしい,Fun,Genki 1.5,1,Adjective - い
安い,やすい,Cheap,Genki 1.5,1,Adjective - い
好き,すき,Like,Genki 1.5,1,Adjective - な
嫌い,きらい,Dislike,Genki 1.5,1,Adjective - な
大好き,だいすき,Love,Genki 1.5,1,Adjective - な
大嫌い,だいきらい,Hate,Genki 1.5,1,Adjective - な
元気,げんき,"Lively, well",Genki 1.5,1,Adjective - な
静か,しずか,Quiet,Genki 1.5,1,Adjective - な
暇,ひま,Free (not busy),Genki 1.5,1,Adjective - な
泳ぐ,およぐ,To swim,Genki 1.5,1,Verb - Godan
乗る,のる,To ride,Genki 1.5,1,Verb - Godan
出かける,でかける,To go out,Genki 1.5,1,Verb - Ichidan
一緒に,いっしょに,Together ,Genki 1.5,1,Adverb
大丈夫,だいじょうぶ,"Surely, problem-free, ""that's alright""",Genki 1.5,1,Adjective - な
枚,まい,Counter for flat objects,Genki 1.5,1,Counter
漢字,かんじ,Kanji,Genki 1.6,1,Noun - Concept
次,つぎ,Next,Genki 1.6,1,Noun - Concept
夜,よる,Night,Genki 1.6,1,Noun - Concept
教科書,きょうかしょ,Textbook,Genki 1.6,2,Noun - Object
お金,おかね,Money,Genki 1.6,2,Noun - Object
荷物,にもつ,Luggage ,Genki 1.6,1,Noun - Object
窓,まど,Window,Genki 1.6,1,Noun - Object
電車,でんしゃ,Train,Genki 1.6,1,Noun - Object
電気,でんき,Electricity,Genki 1.6,1,Noun - Concept
国,くに,Origin,Genki 1.6,1,Noun - Concept
今週,こんしゅう,This week,Genki 1.6,1,Noun - Date
来月,らいげつ,Next month,Genki 1.6,1,Noun - Date
来年,らいねん,Next year,Genki 1.6,1,Noun - Date
大変,たいへん,"Very, greatly, terribly, awfully",Genki 1.6,1,Adjective - な
遊ぶ,あそぶ,To play,Genki 1.6,1,Verb - Godan
急ぐ,いそぐ,To hurry,Genki 1.6,1,Verb - Godan
返す,かえす,To return,Genki 1.6,1,Verb - Godan
座る,すわる,To sit,Genki 1.6,1,Verb - Godan
立つ,たつ,To stand,Genki 1.6,1,Verb - Godan
たばこを吸う,たばこをすう,To smoke,Genki 1.6,1,Verb - Godan
使う,つかう,To use,Genki 1.6,1,Verb - Godan
手伝う,てつだう,To help,Genki 1.6,1,Verb - Godan
入る,はいる,To enter,Genki 1.6,1,Verb - Godan
持つ,もつ,To carry,Genki 1.6,2,Verb - Godan
休む,やすむ,"To be absent, to rest",Genki 1.6,1,Verb - Godan
開ける,あける,To open,Genki 1.6,1,Verb - Ichidan
閉める,しめる,To close,Genki 1.6,1,Verb - Ichidan
教える,おしえる,"To instruct, teach",Genki 1.6,1,Verb - Ichidan
降りる,おりる,To get off,Genki 1.6,1,Verb - Ichidan
借りる,かりる,To borrow,Genki 1.6,1,Verb - Ichidan
シャワーを浴びる,シャワーをあびる,To shower,Genki 1.6,1,Verb - Ichidan
電話する,でんわする,To call,Genki 1.6,1,Verb - suru
連れて来る,つれてくる,To bring (a person),Genki 1.6,1,Verb - kuru
持って来る,もってくる,To bring (a thing),Genki 1.6,1,Verb - kuru
後で,あとで,"Later, afterwards",Genki 1.6,2,Adverb
結構です,けっこうです,"Sufficient, wonderful, ""I'm fine"", ""No thanks""",Genki 1.6,1,"Adverb, Adjective - な"
本当ですか,ほんとうですか,Really?,Genki 1.6,1,Phrase
家族,かぞく,Family,Genki 1.7,1,Noun - Relationship
父,ちち,My father,Genki 1.7,1,Noun - Relationship
母,はは,My mother,Genki 1.7,1,Noun - Relationship
兄,あに,My older brother,Genki 1.7,1,Noun - Relationship
お兄さん,おにいさん,Older brother,Genki 1.7,1,Noun - Relationship
姉,あね,My older sister,Genki 1.7,1,Noun - Relationship
お姉さん,おねえさん,Older sister,Genki 1.7,1,Noun - Relationship
弟,おとうと,My younger brother,Genki 1.7,1,Noun - Relationship
妹,いもうと,My younger sister,Genki 1.7,1,Noun - Relationship
兄弟,きょうだい,Siblings,Genki 1.7,1,Noun - Relationship
男の人,おとこのひと,Man,Genki 1.7,1,Noun - Living
女の人,おんなのひと,Woman,Genki 1.7,1,Noun - Living
会社,かいしゃ,"Office, company",Genki 1.7,1,Noun - Place
食堂,しょくどう,Cafeteria ,Genki 1.7,1,Noun - Place
髪,かみ,Hair,Genki 1.7,1,Noun - Object
目,め,Eye,Genki 1.7,1,Noun - Object
口,くち,Mouth,Genki 1.7,1,Noun - Object
別に,べつに,Nothing in particular,Genki 1.7,2,Adverb
眼鏡,めがね,Eyeglasses ,Genki 1.7,1,Noun - Object
車,くるま,Car,Genki 1.7,1,Noun - Object
歌,うた,Song,Genki 1.7,1,Noun - Object
長い,ながい,Long (length),Genki 1.7,1,Adjective - い
短い,みじかい,Short (length),Genki 1.7,2,Adjective - い
速い,はやい,Fast,Genki 1.7,1,Adjective - い
背が高い,せがたかい,Tall (stature),Genki 1.7,1,Adjective - い
背が低い,せがひくい,Short (stature),Genki 1.7,2,Adjective - い
頭がいい,あたまがいい,"Clever, bright",Genki 1.7,2,Adjective - いい
親切,しんせつ,"Kind, gentle, considerate",Genki 1.7,3,Adjective - な
便利,べんり,Convenient,Genki 1.7,2,Adjective - な
歌う,うたう,To sing,Genki 1.7,1,Verb - Godan
被る,かぶる,To put on (head),Genki 1.7,1,Verb - Godan
履く,はく,To put on (lower body),Genki 1.7,1,Verb - Godan
知る,しる,To get to know,Genki 1.7,1,Verb - Godan
住む,すむ,To live,Genki 1.7,1,Verb - Godan
働く,はたらく,To work,Genki 1.7,1,Verb - Godan
太る,ふとる,To gain weight,Genki 1.7,1,Verb - Ichidan
着る,きる,To put on (upper body),Genki 1.7,1,Verb - Ichidan
結婚する,けっこんする,To get married,Genki 1.7,3,Verb - suru
晴れ,はれ,"Clear, sunny",Genki 1.8,1,Adjective - な
曇り,くもち,Cloudy,Genki 1.8,1,Adjective - な
雨,あめ,Rain,Genki 1.8,1,Noun - Object
雪,ゆき,Snow,Genki 1.8,0,Noun - Object
気温,きおん,Temperature (weather),Genki 1.8,2,Noun - Concept
天気予報,てんきよほう,Weather forecast,Genki 1.8,2,Noun - Concept
夏,なつ,Summer,Genki 1.8,1,Noun - Season
冬,ふゆ,Winter,Genki 1.8,1,Noun - Season
今朝,けさ,This morning,Genki 1.8,1,Noun - Concept
毎週,まいしゅう,Every week ,Genki 1.8,1,Frequency 
今月,こんげつ,This month,Genki 1.8,1,Noun - Concept
来月,らいげつ,Next month,Genki 1.8,0,Noun - Concept
会社員,かいしゃいん,Office worker,Genki 1.8,1,Noun - Living
仕事,しごと,"Job, occupation",Genki 1.8,1,Noun - Concept
風呂,ふろ,Bathtub ,Genki 1.8,1,Noun - Object
所,ところ,Place,Genki 1.8,1,Noun - Place
洗う,あらう,To clean,Genki 1.8,1,Verb - Godan
言う,いう,To say,Genki 1.8,1,Verb - Godan
遅くなる,おそくなる,To be late,Genki 1.8,2,Verb - Godan
お風呂に入る,おふろにはいる,To take a bath,Genki 1.8,1,Verb - Godan
思う,おもう,To think,Genki 1.8,1,Verb - Godan
切る,きる,To cut,Genki 1.8,1,Verb - Godan
作る,つくる,To use,Genki 1.8,1,Verb - Godan
雨が降る,あめがふる,To rain,Genki 1.8,1,Verb - Godan
雪が降る,ゆきがふる,To snow,Genki 1.8,1,Verb - Godan
持っていく,もっていく,To take a thing,Genki 1.8,1,Verb - Godan
捨てる,すてる,To throw away,Genki 1.8,1,Verb - Ichidan
始める,はじめる,To start,Genki 1.8,1,Verb - Ichidan
洗濯する,せんたくする,To do the laundry,Genki 1.8,2,Verb - suru
運転する,うんてんする,To drive,Genki 1.8,2,Verb - suru
料理する,りょうりする,To cook,Genki 1.8,1,Verb - suru
掃除する,そうじする,To clean,Genki 1.8,2,Verb - suru
上手,じょうず,Skillfull at ,Genki 1.8,2,Adjective - な
下手,へた,Not good at,Genki 1.8,2,Adjective - な
有名,ゆうめい,Famous,Genki 1.8,1,Adjective - な
遅く,おそく,Late ,Genki 1.8,1,Adjective - な
乾杯,かんぱい,Cheers! ,Genki 1.8,2,Phrase
残念,ざんねん,That's too bad,Genki 1.8,3,Phrase
度,ど,Temperature (degrees),Genki 1.8,1,Counter
私,わたし,I,Duolingo 1,1,Noun - Living
名,な,"Title, prefix",Duolingo 1,1,Noun - Origin 
名前,なまえ,Name,Duolingo 1,1,Noun - Origin 
出身,しゅっしん,From (country),Duolingo 1,1,Noun - Origin 
言い,いい,Call (named),Duolingo 1,1,Noun - Origin 
気,き,Spirit,Duolingo 1,1,Noun - Concept
先生,せんせい,Teacher,Duolingo 1,1,Noun - Living
学生,がくせい,Student,Duolingo 1,1,Noun - Living
本田,ほんだ,Honda (name),Duolingo 1,1,Noun - Name
田中,たなか,Tanaka (name),Duolingo 1,1,Noun - Name
中村,なかむら,Nakamura (name),Duolingo 1,1,Noun - Name
茂,しげる,Shigeru (name),Duolingo 1,1,Noun - Name
桜,さくら,Sakura (name),Duolingo 1,1,Noun - Name
中国,ちゅうごく,China,Duolingo 1,1,Noun - Place
日本,にほん,Japan,Duolingo 1,1,Noun - Place
語,ご,Language,Duolingo 1,1,Noun - Concept
英語,えいご,English,Duolingo 1,1,Noun - Concept
鳥,とり,Bird,Duolingo 1,1,Noun - Living
何,なに,What,Duolingo 1,1,Noun - Concept
卵,たまご,Egg,Duolingo 2.1,1,Noun - Food
分,ぷん,Minute,Duolingo 2.1,1,Noun - Time
今,いま,Now,Duolingo 2.1,1,Noun - Time
半,はん,Half,Duolingo 2.1,1,Noun - Concept
午前,ごぜん,A.M.,Duolingo 2.1,1,Noun - Time
午後,ごご,P.M.,Duolingo 2.1,1,Noun - Time
零時,れいじ,Midnight,Duolingo 2.1,1,Noun - Time
月,げつ,Month (moon),Duolingo 2.1,1,Noun - Object
曜日,ようび,Day,Duolingo 2.1,1,Noun - Date
明日,あした,Tomorrow,Duolingo 2.1,1,Noun - Date
明後日,あさって,The day after tomorrow,Duolingo 2.1,1,Noun - Date
一昨日,おととい,The day before yesterday,Duolingo 2.1,1,Noun - Date
平日,へいじつ,Weekday,Duolingo 2.1,1,Noun - Date
昼,ひる,"Afternoon, midday",Duolingo 2.1,1,Noun - Concept
晩,ばん,Night,Duolingo 2.1,1,Noun - Concept
良く,よく,Often,Duolingo 2.1,2,Adverb
羽,わ,Counter for birds and rabbits,Duolingo 2.1,1,Counter
歳,さい,Counter for age,Duolingo 2.1,1,Counter
個,こ,Counter for round objects,Duolingo 2.1,1,Counter
冊,さつ,Counter for books,Duolingo 2.1,1,Counter
一,いち,One,Duolingo 2.1,1,Number
二,に,Two,Duolingo 2.1,1,Number
三,さん,Three,Duolingo 2.1,1,Number
四,よん,Four,Duolingo 2.1,1,Number
五,ご,Five,Duolingo 2.1,1,Number
六,ろく,Six,Duolingo 2.1,1,Number
七,なな,Seven,Duolingo 2.1,1,Number
八,はち,Eight,Duolingo 2.1,1,Number
九,きゅう,Nine,Duolingo 2.1,1,Number
十,じゅう,Ten,Duolingo 2.1,1,Number
百,きゃく,Hundred,Duolingo 2.1,1,Number
千,せん,Thousand,Duolingo 2.1,1,Number
万,まん,Ten thousand,Duolingo 2.1,1,Number
円,えん,Yen ,Duolingo 2.1,1,Counter
一人,ひとり,One person,Duolingo 2.1,1,Noun - Living
子,こ,Young (thing),Duolingo 2.1,1,Noun - Concept
申し,もうし,To be called (name),Duolingo 2.1,1,Noun - Concept
外国人,がいこくじん,Foreigner,Duolingo 2.1,2,Noun - Living
年生,ねんせい,Student in ... year,Duolingo 2.1,1,Noun - Concept
大学,だいがく,University,Duolingo 2.1,1,Noun - Concept
高校,こうこう,High school,Duolingo 2.1,1,Noun - Concept
中学,ちゅうがく,Middle school,Duolingo 2.1,1,Noun - Concept
小学,しょうがく,Elementary school,Duolingo 2.1,1,Noun - Concept
留学生,りゅうがくせい,Foreign exchange student ,Duolingo 2.1,1,Noun - Living
彼,かれ,He,Duolingo 2.1,1,Noun - Living
彼女,かのじょ,Her,Duolingo 2.1,1,Noun - Living
姉妹,しまい,Sisters ,Duolingo 2.1,1,Noun - Relationship
両親,りょうしん,Parents,Duolingo 2.1,1,Noun - Relationship
親戚,しんせき,Relatives,Duolingo 2.1,2,Noun - Relationship
友達,ともだち,Friend,Duolingo 2.1,1,Noun - Relationship
息子,むすこ,Son,Duolingo 2.1,1,Noun - Relationship
娘,むすめ,Daughter,Duolingo 2.1,1,Noun - Relationship
孫,まご,Grandchild,Duolingo 2.1,1,Noun - Relationship
孫息子,まごむすこ,Grandson,Duolingo 2.1,1,Noun - Relationship
孫娘,まごむすめ,Granddaughter,Duolingo 2.1,1,Noun - Relationship
夫,おっと,My husband,Duolingo 2.1,1,Noun - Relationship
妻,つま,My wife,Duolingo 2.1,1,Noun - Relationship
ご主人,ごしゅじん,Your husband,Duolingo 2.1,1,Noun - Relationship
奥さん,おくさん,Your wife,Duolingo 2.1,1,Noun - Relationship
祖父,そふ,Grandfather,Duolingo 2.1,1,Noun - Relationship
祖母,そぼ,Grandmother ,Duolingo 2.1,2,Noun - Relationship
父親,ちちおや,Husband,Duolingo 2.1,1,Noun - Relationship
母親,ははおや,Wife,Duolingo 2.1,1,Noun - Relationship
在宅,ざいたく,At home,Duolingo 2.1,1,Noun - Concept
行ってきます,いってきます,See you later,Duolingo 2.1,2,Phrase
似ています,にています,Resembles,Duolingo 2.1,1,Verb - Ichidan
走る,はしる,To run,Duolingo 2.1,1,Verb - Godan
書く,かく,To write,Duolingo 2.1,1,Verb - Godan
描く,かく,To draw,Duolingo 2.1,1,Verb - Godan
習う,ならう,To learn,Duolingo 2.1,1,Verb - Godan
仕事する,しごとする,To work,Duolingo 2.1,1,Verb - suru
旅行する,りょこうする,To travel,Duolingo 2.1,1,Verb - suru
散歩する,さんぽする,To walk,Duolingo 2.1,1,Verb - suru
風呂,ふろ,Bathtub,Duolingo 2.1,1,Noun - Object
台,だい,Table,Duolingo 2.1,1,Noun - Object
事,こと,Thing,Duolingo 2.1,1,Noun - Object
仕事,しごと,Job,Duolingo 2.1,1,Noun - Object
棚,たな,Shelf,Duolingo 2.1,1,Noun - Object
本棚,ほんだな,Bookshelf,Duolingo 2.1,1,Noun - Object
隅,すみ,Corner,Duolingo 2.1,1,Noun - Object
片隅,かたすみ,Corner,Duolingo 2.1,1,Noun - Object
布団,ふとん,Futon,Duolingo 2.1,1,Noun - Object
鏡,かがみ,Mirror,Duolingo 2.1,1,Noun - Object
冷蔵庫,れいぞうこ,Refrigerator,Duolingo 2.1,1,Noun - Object
紙,かみ,Paper,Duolingo 2.1,1,Noun - Object
手紙,てがみ,Letter,Duolingo 2.1,1,Noun - Object
絵,え,Picture,Duolingo 2.1,1,Noun - Object
学校,がっこう,School,Duolingo 2.1,1,Noun - Place
会,かい,Meeting,Duolingo 2.1,1,Noun - Place
台所,だいどころ,Kitchen,Duolingo 2.1,1,Noun - Place
庭,にわ,Yard,Duolingo 2.1,1,Noun - Place
寝室,しんしつ,Bedroom,Duolingo 2.1,1,Noun - Place
所,ところ,Place,Duolingo 2.1,2,Noun - Place
京都,きょうと,Kyoto,Duolingo 2.1,1,Noun - Place
東京,とうきょう,Tokyo,Duolingo 2.1,1,Noun - Place
大阪,おおさか,Osaka,Duolingo 2.1,1,Noun - Place
阪,さか,Hill,Duolingo 2.1,1,Noun - Place
韓国,かんこく,Korea,Duolingo 2.1,1,Noun - Place
台湾,たいわん,Taiwan,Duolingo 2.1,1,Noun - Place
違い,ちがい,"That's not right, difference",Duolingo 2.1,1,Noun - Concept
直美,なおみ,Naomi (name),Duolingo 2.1,1,Noun - Name
健太,けんた,Kenta (name),Duolingo 2.1,1,Noun - Name
冷たい,つめたい,Cold (thing),Duolingo 2.1,2,Adjective - い
高い,たかい,Expensive,Duolingo 2.1,1,Adjective - い
甘い,あまい,Sweet,Duolingo 2.1,1,Adjective - い
低い,ひくい,Low,Duolingo 2.1,1,Adjective - い
横,よこ,"Aside, next to ",Duolingo 2.1,1,Noun - Location
旅している,たびしている,To take a trip (continuous form),Duolingo 2.1,1,Verb - suru
海外,かいがい,Overseas,Duolingo 2.1,1,Noun - Location
半分,はんぶん,Half,Duolingo 2.2,1,Noun - Concept
本当,ほんとう,Very,Duolingo 2.2,2,Adjective - な
色,いろ,Color,Duolingo 2.2,1,Noun - Color
赤い,あかい,Red,Duolingo 2.2,1,Noun - Color
青い,あおい,Blue,Duolingo 2.2,1,Noun - Color
白い,しろい,White,Duolingo 2.2,1,Noun - Color
黄色い,きいろい,Yellow,Duolingo 2.2,1,Noun - Color
黒い,くろい,Black,Duolingo 2.2,2,Noun - Color
茶色,ちゃいろ,Brown,Duolingo 2.2,1,Noun - Color
冬,ふゆ,Winter,Duolingo 2.2,1,Noun - Season
春,はる,Spring,Duolingo 2.2,1,Noun - Season
夏,なつ,Summer,Duolingo 2.2,1,Noun - Season
秋,あき,Autumn,Duolingo 2.2,1,Noun - Season
北,きた,North,Duolingo 2.2,1,Noun - Location
東,ひがし,East,Duolingo 2.2,1,Noun - Location
南,みなみ,South,Duolingo 2.2,1,Noun - Location
西,にし,West,Duolingo 2.2,2,Noun - Location
北東,ほくとう,Northeast,Duolingo 2.2,1,Noun - Location
雪,ゆき,Snow,Duolingo 2.2,1,Noun - Object
雨,あめ,Rain,Duolingo 2.2,1,Noun - Object
空,そら,Sky,Duolingo 2.2,1,Noun - Object
風,かぜ,Wind,Duolingo 2.2,1,Noun - Object
今朝,けさ,This morning,Duolingo 2.2,1,Noun - Time
今夜,こんや,This evening,Duolingo 2.2,2,Noun - Time
夕べ,ゆうべ,Last night,Duolingo 2.2,2,Noun - Time
夕方,ゆうがた,Evening,Duolingo 2.2,2,Noun - Concept
昼間,ひるま,Daytime,Duolingo 2.2,1,Noun - Concept
地下鉄,ちかてつ,"Subway, metro",Duolingo 2.2,1,Noun - Object
自転車,じてんしゃ,Bicycle,Duolingo 2.2,1,Noun - Object
飛行機,ひこうき,Airplane,Duolingo 2.2,1,Noun - Object
空港,くうこう,Airport,Duolingo 2.2,2,Noun - Place
駅,えき,Station,Duolingo 2.2,1,Noun - Place
映画館,えいがかん,Movie theater,Duolingo 2.2,1,Noun - Place
建物,たてもの,Building,Duolingo 2.2,2,Noun - Place
銀行,ぎんこう,Bank,Duolingo 2.2,2,Noun - Place
店,みせ,Store,Duolingo 2.2,1,Noun - Place
鉄,てつ,Iron,Duolingo 2.2,2,Noun - Object
地図,ちず,Map,Duolingo 2.2,1,Noun - Object
入り口,いりぐち,Entrance,Duolingo 2.2,1,Noun - Object
出口,でぐち,Exit,Duolingo 2.2,1,Noun - Object
道,みち,Road,Duolingo 2.2,3,Noun - Object
通り,とおり,Road,Duolingo 2.2,1,Noun - Object
角,かど,Corner,Duolingo 2.2,1,Noun - Object
服,ふく,Clothes,Duolingo 2.2,1,Noun - Object
靴,くつ,Shoes,Duolingo 2.2,1,Noun - Object
帽子,ぼうし,Hat,Duolingo 2.2,1,Noun - Object
電話,でんわ,Phone,Duolingo 2.2,1,Noun - Object
新聞,しんぶん,Newspaper,Duolingo 2.2,1,Noun - Object
番号,ばんごう,Number,Duolingo 2.2,1,Noun - Concept
電話番号,でんわばんごう,Phone number,Duolingo 2.2,1,Noun - Concept
夕飯,ゆうはん,Dinner,Duolingo 2.2,2,Noun - Food
弁当,べんと,"Bento, lunchbox",Duolingo 2.2,1,Noun - Food
塩,しお,Salt,Duolingo 2.2,1,Noun - Food
砂糖,さとう,Sugar,Duolingo 2.2,1,Noun - Food
醬油,しょうゆ,Soy sauce,Duolingo 2.2,1,Noun - Food
牛乳,ぎゅうにゅう,Milk,Duolingo 2.2,1,Noun - Food
紅茶,こうちゃ,Black tea,Duolingo 2.2,2,Noun - Food
お腹,おなか,Stomach,Duolingo 2.2,2,Noun - Object
皿,さら,Plate,Duolingo 2.2,1,Noun - Food
箸,はし,Chopstick,Duolingo 2.2,1,Noun - Food
寿司,すし,Sushi ,Duolingo 2.2,1,Noun - Food
茶碗,ちゃわん,Rice bowl,Duolingo 2.2,1,Noun - Food
好物,こうぶつ,Favorite food,Duolingo 2.2,2,Noun - Food
来週,らいしゅう,Next week,Duolingo 2.2,1,Noun - Date
再来週,さらいしゅう,The week after next,Duolingo 2.2,2,Noun - Date
今月,こんげつ,This month,Duolingo 2.2,1,Noun - Date
再来月,さらいげつ,The month after next,Duolingo 2.2,1,Noun - Date
脱ぐ,ぬぐ,To take off ,Duolingo 2.2,1,Verb - Godan
洗う,あらう,"To clean, wash",Duolingo 2.2,1,Verb - Godan
歩く,あるく,To walk,Duolingo 2.2,1,Verb - Godan
弾く,ひく,To play (instrument),Duolingo 2.2,1,Verb - Godan
作る,つくる,To make,Duolingo 2.2,1,Verb - Godan
降る,ふる,To fall ,Duolingo 2.2,2,Verb - Godan
吹く,ふく,To blow,Duolingo 2.2,1,Verb - Godan
進む,すすむ,"To advance, go forward",Duolingo 2.2,2,Verb - Godan
曲がる,まがる,To turn,Duolingo 2.2,2,Verb - Godan
お腹が空く,おなかがすく,To become hungry,Duolingo 2.2,3,Verb - Godan
出る,でる,To exit,Duolingo 2.2,1,Verb - Ichidan
通る,とおる,To go past,Duolingo 2.2,2,Verb - Ichidan
食べ過ぎる,たべすぎる,To overeat,Duolingo 2.2,3,Verb - Ichidan
練習する,れんしゅうする,To practice,Duolingo 2.2,2,Verb - suru
料理する,りょうりする,To cook ,Duolingo 2.2,1,Verb - suru
向こう,むこう,"Opposite side, over there",Duolingo 2.2,1,Noun - Location
遠い,とおい,Far ,Duolingo 2.2,1,Adjective - い
近い,ちかい,Close,Duolingo 2.2,1,Adjective - い
遅い,おそい,Slow,Duolingo 2.2,1,Adjective - い
欲しい,ほしい,Want,Duolingo 2.2,2,Adjective - い
明るい,あかるい,Bright,Duolingo 2.2,2,Adjective - い
暗い,くらい,Dark,Duolingo 2.2,1,Adjective - い
暖かい,あたたかい,Warm,Duolingo 2.2,2,Adjective - い
涼しい,すずしい,Cool,Duolingo 2.2,1,Adjective - い
良い,よい,Good,Duolingo 2.2,1,Adjective - い
悪い,わるい,Bad,Duolingo 2.2,1,Adjective - い
弱い,よわい,Weak,Duolingo 2.2,1,Adjective - い
強い,つよい,Strong,Duolingo 2.2,2,Adjective - い
多い,おおい,"Numerous, a lot, many",Duolingo 2.2,1,Adjective - い
広い,ひろい,"Spacious, big",Duolingo 2.2,3,Adjective - い
狭い,せまい,"Narrow, small",Duolingo 2.2,2,Adjective - い
塩っぱい,しおっぱい,Salty,Duolingo 2.2,1,Adjective - い
晴れ,はれ,"Clear, sunny",Duolingo 2.2,1,Adjective - な
曇り,くもり,Cloudy,Duolingo 2.2,1,Adjective - な
少ない,すくない,"Few, scarce, insufficient",Duolingo 2.2,2,Adjective - い
全部,ぜんぐ,All,Duolingo 2.2,2,Adverb
結構,けっこう,"Splendid, wonderful, nice ",Duolingo 2.2,2,Adjective - な
何曜日,なんようび,What day ,Duolingo 2.2,1,Noun - Concept
二十日,はつか,20th day ,Duolingo 2.2,1,Noun - Concept
ヶ月,かげつ、っかげつ,Month counter,Duolingo 2.2,1,Counter
何月,なんつき,What month,Duolingo 2.2,2,Noun - Concept
年,ねん、とし,Year ,Duolingo 2.2,1,Noun - Concept
一昨年,おととし,The year before last,Duolingo 2.2,2,Noun - Concept
去年,きょねん,Last year,Duolingo 2.2,1,Noun - Concept
今年,ことし,This year,Duolingo 2.2,1,Noun - Concept
来年,らいねん,Next year,Duolingo 2.2,0,Noun - Concept
再来年,さらいねん,The year after next,Duolingo 2.2,1,Noun - Concept
毎晩,まいばん,Every night,Duolingo 2.2,0,Frequency
毎週月曜日,まいしゅうげつようび,Every Monday,Duolingo 2.2,1,Frequency
毎週,まいしゅう,Every week,Duolingo 2.2,0,Frequency
毎年,まいとし,Every year,Duolingo 2.2,1,Frequency
毎月,まいつき,Every month,Duolingo 2.2,2,Frequency
旅行に行く,りょこうにいく,To travel to ,Duolingo 2.2,1,Verb - Godan
出かける,でかける,To go out,Duolingo 2.2,0,Verb - Ichidan
休み,やすみ,Vacation,Duolingo 2.2,0,Noun - Concept
夏休み,なつやすみ,Summer vacation,Duolingo 2.2,1,Noun - Concept
雨の日,あめのひ,Rainy day ,Duolingo 2.2,2,Noun - Concept
誕生日,たんじょうび,Birthday ,Duolingo 2.2,0,Noun - Concept
